label,file_name
plastic,plastic458.jpg
plastic,plastic147.jpg
plastic,plastic385.jpg
plastic,plastic436.jpg
plastic,plastic228.jpg
plastic,plastic101.jpg
plastic,plastic142.jpg
plastic,plastic403.jpg
plastic,plastic211.jpg
plastic,plastic296.jpg
plastic,plastic313.jpg
plastic,plastic200.jpg
plastic,plastic284.jpg
plastic,plastic231.jpg
plastic,plastic165.jpg
plastic,plastic184.jpg
plastic,plastic277.jpg
plastic,plastic272.jpg
plastic,plastic182.jpg
plastic,plastic287.jpg
plastic,plastic191.jpg
plastic,plastic312.jpg
plastic,plastic198.jpg
plastic,plastic337.jpg
plastic,plastic332.jpg
plastic,plastic27.jpg
plastic,plastic144.jpg
plastic,plastic442.jpg
plastic,plastic37.jpg
plastic,plastic195.jpg
plastic,plastic118.jpg
plastic,plastic390.jpg
plastic,plastic136.jpg
plastic,plastic435.jpg
plastic,plastic176.jpg
plastic,plastic127.jpg
plastic,plastic256.jpg
plastic,plastic356.jpg
plastic,plastic178.jpg
plastic,plastic422.jpg
plastic,plastic427.jpg
plastic,plastic100.jpg
plastic,plastic102.jpg
plastic,plastic338.jpg
plastic,plastic455.jpg
plastic,plastic181.jpg
plastic,plastic221.jpg
plastic,plastic453.jpg
plastic,plastic128.jpg
plastic,plastic40.jpg
plastic,plastic113.jpg
plastic,plastic166.jpg
plastic,plastic389.jpg
plastic,plastic210.jpg
plastic,plastic393.jpg
plastic,plastic379.jpg
plastic,plastic148.jpg
plastic,plastic327.jpg
plastic,plastic251.jpg
plastic,plastic350.jpg
plastic,plastic170.jpg
plastic,plastic131.jpg
plastic,plastic183.jpg
plastic,plastic238.jpg
plastic,plastic457.jpg
plastic,plastic396.jpg
plastic,plastic34.jpg
plastic,plastic39.jpg
plastic,plastic229.jpg
plastic,plastic116.jpg
plastic,plastic208.jpg
plastic,plastic295.jpg
plastic,plastic294.jpg
plastic,plastic223.jpg
plastic,plastic432.jpg
plastic,plastic121.jpg
plastic,plastic298.jpg
plastic,plastic336.jpg
plastic,plastic307.jpg
plastic,plastic201.jpg
plastic,plastic110.jpg
plastic,plastic163.jpg
plastic,plastic122.jpg
plastic,plastic369.jpg
plastic,plastic141.jpg
plastic,plastic331.jpg
plastic,plastic346.jpg
plastic,plastic417.jpg
plastic,plastic108.jpg
plastic,plastic449.jpg
plastic,plastic149.jpg
plastic,plastic153.jpg
plastic,plastic429.jpg
plastic,plastic32.jpg
plastic,plastic189.jpg
plastic,plastic162.jpg
plastic,plastic383.jpg
plastic,plastic159.jpg
plastic,plastic151.jpg
plastic,plastic354.jpg
plastic,plastic156.jpg
plastic,plastic371.jpg
plastic,plastic44.jpg
plastic,plastic412.jpg
plastic,plastic363.jpg
plastic,plastic370.jpg
plastic,plastic402.jpg
plastic,plastic345.jpg
plastic,plastic321.jpg
plastic,plastic21.jpg
plastic,plastic120.jpg
plastic,plastic12.jpg
plastic,plastic349.jpg
plastic,plastic269.jpg
plastic,plastic167.jpg
plastic,plastic292.jpg
plastic,plastic372.jpg
plastic,plastic236.jpg
plastic,plastic246.jpg
plastic,plastic368.jpg
plastic,plastic123.jpg
plastic,plastic43.jpg
plastic,plastic317.jpg
plastic,plastic381.jpg
plastic,plastic275.jpg
plastic,plastic244.jpg
plastic,plastic105.jpg
plastic,plastic190.jpg
plastic,plastic357.jpg
plastic,plastic333.jpg
plastic,plastic188.jpg
plastic,plastic401.jpg
plastic,plastic265.jpg
plastic,plastic324.jpg
plastic,plastic444.jpg
plastic,plastic283.jpg
plastic,plastic29.jpg
plastic,plastic378.jpg
plastic,plastic297.jpg
plastic,plastic440.jpg
plastic,plastic129.jpg
plastic,plastic410.jpg
plastic,plastic139.jpg
plastic,plastic319.jpg
plastic,plastic193.jpg
plastic,plastic461.jpg
plastic,plastic408.jpg
plastic,plastic430.jpg
plastic,plastic253.jpg
plastic,plastic367.jpg
plastic,plastic373.jpg
plastic,plastic150.jpg
plastic,plastic448.jpg
plastic,plastic192.jpg
plastic,plastic33.jpg
plastic,plastic15.jpg
plastic,plastic204.jpg
plastic,plastic104.jpg
plastic,plastic218.jpg
plastic,plastic2.jpg
plastic,plastic441.jpg
plastic,plastic456.jpg
plastic,plastic267.jpg
plastic,plastic288.jpg
plastic,plastic308.jpg
plastic,plastic280.jpg
plastic,plastic322.jpg
plastic,plastic179.jpg
plastic,plastic259.jpg
plastic,plastic459.jpg
plastic,plastic119.jpg
plastic,plastic237.jpg
plastic,plastic306.jpg
plastic,plastic384.jpg
plastic,plastic234.jpg
plastic,plastic302.jpg
plastic,plastic117.jpg
plastic,plastic406.jpg
plastic,plastic157.jpg
plastic,plastic445.jpg
plastic,plastic348.jpg
plastic,plastic293.jpg
plastic,plastic17.jpg
plastic,plastic420.jpg
plastic,plastic364.jpg
plastic,plastic194.jpg
plastic,plastic112.jpg
plastic,plastic409.jpg
plastic,plastic342.jpg
plastic,plastic305.jpg
plastic,plastic276.jpg
plastic,plastic145.jpg
plastic,plastic264.jpg
plastic,plastic286.jpg
plastic,plastic291.jpg
plastic,plastic426.jpg
plastic,plastic282.jpg
plastic,plastic199.jpg
plastic,plastic271.jpg
plastic,plastic249.jpg
plastic,plastic209.jpg
plastic,plastic19.jpg
plastic,plastic377.jpg
plastic,plastic433.jpg
plastic,plastic140.jpg
plastic,plastic158.jpg
plastic,plastic232.jpg
plastic,plastic45.jpg
plastic,plastic4.jpg
plastic,plastic1.jpg
plastic,plastic216.jpg
plastic,plastic398.jpg
plastic,plastic11.jpg
plastic,plastic187.jpg
plastic,plastic407.jpg
plastic,plastic173.jpg
plastic,plastic347.jpg
plastic,plastic278.jpg
plastic,plastic125.jpg
plastic,plastic380.jpg
plastic,plastic415.jpg
plastic,plastic213.jpg
plastic,plastic382.jpg
plastic,plastic418.jpg
plastic,plastic447.jpg
plastic,plastic138.jpg
plastic,plastic23.jpg
plastic,plastic339.jpg
plastic,plastic225.jpg
plastic,plastic36.jpg
plastic,plastic126.jpg
plastic,plastic252.jpg
plastic,plastic135.jpg
plastic,plastic155.jpg
plastic,plastic239.jpg
plastic,plastic132.jpg
plastic,plastic243.jpg
plastic,plastic202.jpg
plastic,plastic285.jpg
plastic,plastic394.jpg
plastic,plastic14.jpg
plastic,plastic217.jpg
plastic,plastic247.jpg
plastic,plastic387.jpg
plastic,plastic318.jpg
plastic,plastic219.jpg
plastic,plastic152.jpg
plastic,plastic273.jpg
plastic,plastic137.jpg
plastic,plastic325.jpg
plastic,plastic261.jpg
plastic,plastic13.jpg
plastic,plastic255.jpg
plastic,plastic175.jpg
plastic,plastic180.jpg
plastic,plastic454.jpg
plastic,plastic386.jpg
plastic,plastic109.jpg
plastic,plastic279.jpg
plastic,plastic289.jpg
plastic,plastic326.jpg
plastic,plastic351.jpg
plastic,plastic388.jpg
plastic,plastic18.jpg
plastic,plastic358.jpg
plastic,plastic304.jpg
plastic,plastic414.jpg
plastic,plastic146.jpg
plastic,plastic185.jpg
plastic,plastic344.jpg
plastic,plastic212.jpg
plastic,plastic154.jpg
plastic,plastic329.jpg
plastic,plastic460.jpg
plastic,plastic20.jpg
plastic,plastic270.jpg
plastic,plastic268.jpg
plastic,plastic428.jpg
plastic,plastic328.jpg
plastic,plastic134.jpg
plastic,plastic172.jpg
plastic,plastic222.jpg
plastic,plastic314.jpg
plastic,plastic359.jpg
plastic,plastic360.jpg
plastic,plastic115.jpg
plastic,plastic205.jpg
plastic,plastic309.jpg
plastic,plastic31.jpg
plastic,plastic404.jpg
plastic,plastic164.jpg
plastic,plastic391.jpg
plastic,plastic106.jpg
plastic,plastic424.jpg
plastic,plastic416.jpg
plastic,plastic241.jpg
plastic,plastic320.jpg
plastic,plastic240.jpg
plastic,plastic425.jpg
plastic,plastic220.jpg
plastic,plastic399.jpg
plastic,plastic375.jpg
plastic,plastic446.jpg
plastic,plastic340.jpg
plastic,plastic263.jpg
plastic,plastic299.jpg
plastic,plastic215.jpg
plastic,plastic400.jpg
plastic,plastic171.jpg
plastic,plastic46.jpg
plastic,plastic160.jpg
plastic,plastic186.jpg
plastic,plastic26.jpg
plastic,plastic451.jpg
plastic,plastic24.jpg
plastic,plastic419.jpg
plastic,plastic262.jpg
plastic,plastic365.jpg
plastic,plastic78.jpg
plastic,plastic91.jpg
plastic,plastic475.jpg
plastic,plastic467.jpg
plastic,plastic83.jpg
plastic,plastic49.jpg
plastic,plastic95.jpg
plastic,plastic55.jpg
plastic,plastic464.jpg
plastic,plastic62.jpg
plastic,plastic65.jpg
plastic,plastic90.jpg
plastic,plastic75.jpg
plastic,plastic56.jpg
plastic,plastic86.jpg
plastic,plastic70.jpg
plastic,plastic478.jpg
plastic,plastic79.jpg
plastic,plastic87.jpg
plastic,plastic63.jpg
plastic,plastic468.jpg
plastic,plastic80.jpg
plastic,plastic94.jpg
plastic,plastic97.jpg
plastic,plastic57.jpg
plastic,plastic481.jpg
plastic,plastic482.jpg
plastic,plastic99.jpg
plastic,plastic53.jpg
plastic,plastic98.jpg
plastic,plastic68.jpg
plastic,plastic58.jpg
plastic,plastic480.jpg
plastic,plastic471.jpg
plastic,plastic59.jpg
plastic,plastic47.jpg
plastic,plastic472.jpg
plastic,plastic463.jpg
plastic,plastic477.jpg
plastic,plastic82.jpg
plastic,plastic81.jpg
plastic,plastic96.jpg
plastic,plastic473.jpg
plastic,plastic51.jpg
plastic,plastic74.jpg
plastic,plastic72.jpg
plastic,plastic69.jpg
plastic,plastic470.jpg
plastic,plastic61.jpg
plastic,plastic465.jpg
plastic,plastic66.jpg
plastic,plastic67.jpg
plastic,plastic8.jpg
plastic,plastic474.jpg
plastic,plastic73.jpg
plastic,plastic93.jpg
plastic,plastic462.jpg
plastic,plastic466.jpg
plastic,plastic85.jpg
plastic,plastic5.jpg
plastic,plastic9.jpg
plastic,plastic476.jpg
plastic,plastic479.jpg
plastic,plastic88.jpg
plastic,plastic64.jpg
plastic,plastic469.jpg
metal,metal276.jpg
metal,metal320.jpg
metal,metal214.jpg
metal,metal234.jpg
metal,metal105.jpg
metal,metal216.jpg
metal,metal317.jpg
metal,metal235.jpg
metal,metal297.jpg
metal,metal121.jpg
metal,metal244.jpg
metal,metal124.jpg
metal,metal15.jpg
metal,metal248.jpg
metal,metal341.jpg
metal,metal202.jpg
metal,metal168.jpg
metal,metal186.jpg
metal,metal308.jpg
metal,metal251.jpg
metal,metal215.jpg
metal,metal26.jpg
metal,metal182.jpg
metal,metal256.jpg
metal,metal272.jpg
metal,metal1.jpg
metal,metal269.jpg
metal,metal240.jpg
metal,metal144.jpg
metal,metal108.jpg
metal,metal183.jpg
metal,metal190.jpg
metal,metal166.jpg
metal,metal178.jpg
metal,metal133.jpg
metal,metal103.jpg
metal,metal348.jpg
metal,metal295.jpg
metal,metal175.jpg
metal,metal153.jpg
metal,metal328.jpg
metal,metal264.jpg
metal,metal322.jpg
metal,metal237.jpg
metal,metal336.jpg
metal,metal17.jpg
metal,metal138.jpg
metal,metal152.jpg
metal,metal289.jpg
metal,metal204.jpg
metal,metal146.jpg
metal,metal176.jpg
metal,metal201.jpg
metal,metal330.jpg
metal,metal241.jpg
metal,metal207.jpg
metal,metal273.jpg
metal,metal292.jpg
metal,metal323.jpg
metal,metal155.jpg
metal,metal333.jpg
metal,metal110.jpg
metal,metal303.jpg
metal,metal156.jpg
metal,metal35.jpg
metal,metal2.jpg
metal,metal263.jpg
metal,metal11.jpg
metal,metal339.jpg
metal,metal299.jpg
metal,metal314.jpg
metal,metal131.jpg
metal,metal196.jpg
metal,metal252.jpg
metal,metal141.jpg
metal,metal311.jpg
metal,metal10.jpg
metal,metal24.jpg
metal,metal13.jpg
metal,metal149.jpg
metal,metal160.jpg
metal,metal209.jpg
metal,metal233.jpg
metal,metal286.jpg
metal,metal14.jpg
metal,metal225.jpg
metal,metal221.jpg
metal,metal335.jpg
metal,metal236.jpg
metal,metal157.jpg
metal,metal267.jpg
metal,metal229.jpg
metal,metal245.jpg
metal,metal159.jpg
metal,metal275.jpg
metal,metal306.jpg
metal,metal326.jpg
metal,metal250.jpg
metal,metal30.jpg
metal,metal185.jpg
metal,metal140.jpg
metal,metal199.jpg
metal,metal169.jpg
metal,metal184.jpg
metal,metal23.jpg
metal,metal109.jpg
metal,metal325.jpg
metal,metal255.jpg
metal,metal227.jpg
metal,metal139.jpg
metal,metal238.jpg
metal,metal22.jpg
metal,metal312.jpg
metal,metal277.jpg
metal,metal302.jpg
metal,metal31.jpg
metal,metal134.jpg
metal,metal220.jpg
metal,metal266.jpg
metal,metal258.jpg
metal,metal282.jpg
metal,metal180.jpg
metal,metal100.jpg
metal,metal128.jpg
metal,metal25.jpg
metal,metal117.jpg
metal,metal210.jpg
metal,metal154.jpg
metal,metal261.jpg
metal,metal353.jpg
metal,metal338.jpg
metal,metal345.jpg
metal,metal232.jpg
metal,metal150.jpg
metal,metal114.jpg
metal,metal167.jpg
metal,metal307.jpg
metal,metal278.jpg
metal,metal206.jpg
metal,metal112.jpg
metal,metal33.jpg
metal,metal163.jpg
metal,metal223.jpg
metal,metal346.jpg
metal,metal173.jpg
metal,metal313.jpg
metal,metal352.jpg
metal,metal191.jpg
metal,metal260.jpg
metal,metal343.jpg
metal,metal18.jpg
metal,metal224.jpg
metal,metal347.jpg
metal,metal193.jpg
metal,metal319.jpg
metal,metal111.jpg
metal,metal271.jpg
metal,metal162.jpg
metal,metal137.jpg
metal,metal351.jpg
metal,metal16.jpg
metal,metal129.jpg
metal,metal301.jpg
metal,metal116.jpg
metal,metal354.jpg
metal,metal217.jpg
metal,metal288.jpg
metal,metal165.jpg
metal,metal222.jpg
metal,metal316.jpg
metal,metal349.jpg
metal,metal151.jpg
metal,metal208.jpg
metal,metal148.jpg
metal,metal164.jpg
metal,metal205.jpg
metal,metal309.jpg
metal,metal290.jpg
metal,metal315.jpg
metal,metal107.jpg
metal,metal340.jpg
metal,metal3.jpg
metal,metal161.jpg
metal,metal327.jpg
metal,metal259.jpg
metal,metal143.jpg
metal,metal189.jpg
metal,metal268.jpg
metal,metal329.jpg
metal,metal106.jpg
metal,metal243.jpg
metal,metal228.jpg
metal,metal102.jpg
metal,metal355.jpg
metal,metal126.jpg
metal,metal197.jpg
metal,metal29.jpg
metal,metal274.jpg
metal,metal350.jpg
metal,metal239.jpg
metal,metal298.jpg
metal,metal285.jpg
metal,metal284.jpg
metal,metal171.jpg
metal,metal337.jpg
metal,metal34.jpg
metal,metal122.jpg
metal,metal262.jpg
metal,metal130.jpg
metal,metal212.jpg
metal,metal296.jpg
metal,metal113.jpg
metal,metal192.jpg
metal,metal213.jpg
metal,metal344.jpg
metal,metal287.jpg
metal,metal115.jpg
metal,metal170.jpg
metal,metal142.jpg
metal,metal265.jpg
metal,metal188.jpg
metal,metal218.jpg
metal,metal132.jpg
metal,metal101.jpg
metal,metal104.jpg
metal,metal270.jpg
metal,metal32.jpg
metal,metal41.jpg
metal,metal48.jpg
metal,metal36.jpg
metal,metal399.jpg
metal,metal375.jpg
metal,metal367.jpg
metal,metal75.jpg
metal,metal402.jpg
metal,metal72.jpg
metal,metal409.jpg
metal,metal368.jpg
metal,metal83.jpg
metal,metal361.jpg
metal,metal393.jpg
metal,metal405.jpg
metal,metal381.jpg
metal,metal61.jpg
metal,metal362.jpg
metal,metal95.jpg
metal,metal49.jpg
metal,metal81.jpg
metal,metal5.jpg
metal,metal80.jpg
metal,metal99.jpg
metal,metal98.jpg
metal,metal55.jpg
metal,metal372.jpg
metal,metal52.jpg
metal,metal401.jpg
metal,metal397.jpg
metal,metal366.jpg
metal,metal356.jpg
metal,metal363.jpg
metal,metal76.jpg
metal,metal388.jpg
metal,metal44.jpg
metal,metal400.jpg
metal,metal94.jpg
metal,metal66.jpg
metal,metal383.jpg
metal,metal370.jpg
metal,metal86.jpg
metal,metal71.jpg
metal,metal90.jpg
metal,metal46.jpg
metal,metal51.jpg
metal,metal358.jpg
metal,metal380.jpg
metal,metal382.jpg
metal,metal85.jpg
metal,metal364.jpg
metal,metal377.jpg
metal,metal54.jpg
metal,metal392.jpg
metal,metal408.jpg
metal,metal4.jpg
metal,metal40.jpg
metal,metal387.jpg
metal,metal410.jpg
metal,metal45.jpg
metal,metal88.jpg
metal,metal43.jpg
metal,metal73.jpg
metal,metal60.jpg
metal,metal47.jpg
metal,metal65.jpg
metal,metal53.jpg
metal,metal64.jpg
metal,metal62.jpg
metal,metal374.jpg
metal,metal407.jpg
metal,metal42.jpg
metal,metal390.jpg
metal,metal96.jpg
metal,metal79.jpg
metal,metal7.jpg
metal,metal70.jpg
metal,metal63.jpg
metal,metal391.jpg
metal,metal93.jpg
metal,metal89.jpg
metal,metal360.jpg
metal,metal384.jpg
metal,metal67.jpg
metal,metal87.jpg
metal,metal379.jpg
metal,metal386.jpg
metal,metal56.jpg
metal,metal389.jpg
metal,metal404.jpg
metal,metal59.jpg
metal,metal6.jpg
metal,metal58.jpg
metal,metal77.jpg
metal,metal406.jpg
metal,metal403.jpg
metal,metal38.jpg
metal,metal385.jpg
metal,metal78.jpg
metal,metal82.jpg
metal,metal365.jpg
cardboard,cardboard11.jpg
cardboard,cardboard201.jpg
cardboard,cardboard42.jpg
cardboard,cardboard192.jpg
cardboard,cardboard319.jpg
cardboard,cardboard240.jpg
cardboard,cardboard348.jpg
cardboard,cardboard193.jpg
cardboard,cardboard268.jpg
cardboard,cardboard318.jpg
cardboard,cardboard177.jpg
cardboard,cardboard303.jpg
cardboard,cardboard223.jpg
cardboard,cardboard165.jpg
cardboard,cardboard353.jpg
cardboard,cardboard227.jpg
cardboard,cardboard281.jpg
cardboard,cardboard352.jpg
cardboard,cardboard77.jpg
cardboard,cardboard208.jpg
cardboard,cardboard134.jpg
cardboard,cardboard250.jpg
cardboard,cardboard230.jpg
cardboard,cardboard122.jpg
cardboard,cardboard305.jpg
cardboard,cardboard207.jpg
cardboard,cardboard241.jpg
cardboard,cardboard306.jpg
cardboard,cardboard49.jpg
cardboard,cardboard169.jpg
cardboard,cardboard8.jpg
cardboard,cardboard203.jpg
cardboard,cardboard242.jpg
cardboard,cardboard107.jpg
cardboard,cardboard93.jpg
cardboard,cardboard237.jpg
cardboard,cardboard128.jpg
cardboard,cardboard362.jpg
cardboard,cardboard216.jpg
cardboard,cardboard292.jpg
cardboard,cardboard115.jpg
cardboard,cardboard285.jpg
cardboard,cardboard108.jpg
cardboard,cardboard386.jpg
cardboard,cardboard396.jpg
cardboard,cardboard90.jpg
cardboard,cardboard17.jpg
cardboard,cardboard277.jpg
cardboard,cardboard343.jpg
cardboard,cardboard271.jpg
cardboard,cardboard91.jpg
cardboard,cardboard212.jpg
cardboard,cardboard166.jpg
cardboard,cardboard320.jpg
cardboard,cardboard43.jpg
cardboard,cardboard326.jpg
cardboard,cardboard375.jpg
cardboard,cardboard140.jpg
cardboard,cardboard393.jpg
cardboard,cardboard217.jpg
cardboard,cardboard202.jpg
cardboard,cardboard329.jpg
cardboard,cardboard174.jpg
cardboard,cardboard39.jpg
cardboard,cardboard25.jpg
cardboard,cardboard178.jpg
cardboard,cardboard56.jpg
cardboard,cardboard13.jpg
cardboard,cardboard37.jpg
cardboard,cardboard345.jpg
cardboard,cardboard135.jpg
cardboard,cardboard369.jpg
cardboard,cardboard89.jpg
cardboard,cardboard380.jpg
cardboard,cardboard181.jpg
cardboard,cardboard252.jpg
cardboard,cardboard185.jpg
cardboard,cardboard92.jpg
cardboard,cardboard156.jpg
cardboard,cardboard2.jpg
cardboard,cardboard105.jpg
cardboard,cardboard249.jpg
cardboard,cardboard360.jpg
cardboard,cardboard238.jpg
cardboard,cardboard32.jpg
cardboard,cardboard98.jpg
cardboard,cardboard33.jpg
cardboard,cardboard21.jpg
cardboard,cardboard144.jpg
cardboard,cardboard14.jpg
cardboard,cardboard76.jpg
cardboard,cardboard225.jpg
cardboard,cardboard9.jpg
cardboard,cardboard149.jpg
cardboard,cardboard48.jpg
cardboard,cardboard86.jpg
cardboard,cardboard298.jpg
cardboard,cardboard296.jpg
cardboard,cardboard248.jpg
cardboard,cardboard176.jpg
cardboard,cardboard23.jpg
cardboard,cardboard78.jpg
cardboard,cardboard110.jpg
cardboard,cardboard99.jpg
cardboard,cardboard338.jpg
cardboard,cardboard402.jpg
cardboard,cardboard288.jpg
cardboard,cardboard370.jpg
cardboard,cardboard253.jpg
cardboard,cardboard137.jpg
cardboard,cardboard255.jpg
cardboard,cardboard83.jpg
cardboard,cardboard141.jpg
cardboard,cardboard364.jpg
cardboard,cardboard239.jpg
cardboard,cardboard73.jpg
cardboard,cardboard3.jpg
cardboard,cardboard317.jpg
cardboard,cardboard280.jpg
cardboard,cardboard388.jpg
cardboard,cardboard69.jpg
cardboard,cardboard160.jpg
cardboard,cardboard256.jpg
cardboard,cardboard120.jpg
cardboard,cardboard314.jpg
cardboard,cardboard264.jpg
cardboard,cardboard372.jpg
cardboard,cardboard62.jpg
cardboard,cardboard385.jpg
cardboard,cardboard371.jpg
cardboard,cardboard155.jpg
cardboard,cardboard378.jpg
cardboard,cardboard183.jpg
cardboard,cardboard75.jpg
cardboard,cardboard16.jpg
cardboard,cardboard251.jpg
cardboard,cardboard20.jpg
cardboard,cardboard313.jpg
cardboard,cardboard84.jpg
cardboard,cardboard258.jpg
cardboard,cardboard357.jpg
cardboard,cardboard215.jpg
cardboard,cardboard231.jpg
cardboard,cardboard6.jpg
cardboard,cardboard322.jpg
cardboard,cardboard95.jpg
cardboard,cardboard334.jpg
cardboard,cardboard275.jpg
cardboard,cardboard36.jpg
cardboard,cardboard154.jpg
cardboard,cardboard205.jpg
cardboard,cardboard236.jpg
cardboard,cardboard219.jpg
cardboard,cardboard103.jpg
cardboard,cardboard63.jpg
cardboard,cardboard171.jpg
cardboard,cardboard327.jpg
cardboard,cardboard376.jpg
cardboard,cardboard321.jpg
cardboard,cardboard162.jpg
cardboard,cardboard196.jpg
cardboard,cardboard150.jpg
cardboard,cardboard40.jpg
cardboard,cardboard54.jpg
cardboard,cardboard180.jpg
cardboard,cardboard195.jpg
cardboard,cardboard390.jpg
cardboard,cardboard367.jpg
cardboard,cardboard18.jpg
cardboard,cardboard119.jpg
cardboard,cardboard27.jpg
cardboard,cardboard270.jpg
cardboard,cardboard344.jpg
cardboard,cardboard19.jpg
cardboard,cardboard168.jpg
cardboard,cardboard330.jpg
cardboard,cardboard328.jpg
cardboard,cardboard61.jpg
cardboard,cardboard173.jpg
cardboard,cardboard187.jpg
cardboard,cardboard243.jpg
cardboard,cardboard279.jpg
cardboard,cardboard399.jpg
cardboard,cardboard261.jpg
cardboard,cardboard30.jpg
cardboard,cardboard400.jpg
cardboard,cardboard324.jpg
cardboard,cardboard316.jpg
cardboard,cardboard210.jpg
cardboard,cardboard152.jpg
cardboard,cardboard209.jpg
cardboard,cardboard45.jpg
cardboard,cardboard112.jpg
cardboard,cardboard142.jpg
cardboard,cardboard377.jpg
cardboard,cardboard323.jpg
cardboard,cardboard284.jpg
cardboard,cardboard331.jpg
cardboard,cardboard290.jpg
cardboard,cardboard1.jpg
cardboard,cardboard123.jpg
cardboard,cardboard79.jpg
cardboard,cardboard97.jpg
cardboard,cardboard132.jpg
cardboard,cardboard358.jpg
cardboard,cardboard200.jpg
cardboard,cardboard246.jpg
cardboard,cardboard87.jpg
cardboard,cardboard315.jpg
cardboard,cardboard71.jpg
cardboard,cardboard389.jpg
cardboard,cardboard70.jpg
cardboard,cardboard136.jpg
cardboard,cardboard129.jpg
cardboard,cardboard15.jpg
cardboard,cardboard57.jpg
cardboard,cardboard161.jpg
cardboard,cardboard259.jpg
cardboard,cardboard228.jpg
cardboard,cardboard361.jpg
cardboard,cardboard363.jpg
cardboard,cardboard106.jpg
cardboard,cardboard222.jpg
cardboard,cardboard355.jpg
cardboard,cardboard65.jpg
cardboard,cardboard114.jpg
cardboard,cardboard163.jpg
cardboard,cardboard235.jpg
cardboard,cardboard44.jpg
cardboard,cardboard184.jpg
cardboard,cardboard189.jpg
cardboard,cardboard118.jpg
cardboard,cardboard158.jpg
cardboard,cardboard301.jpg
cardboard,cardboard312.jpg
cardboard,cardboard307.jpg
cardboard,cardboard186.jpg
cardboard,cardboard74.jpg
cardboard,cardboard24.jpg
cardboard,cardboard51.jpg
cardboard,cardboard267.jpg
cardboard,cardboard58.jpg
cardboard,cardboard38.jpg
cardboard,cardboard60.jpg
cardboard,cardboard265.jpg
cardboard,cardboard310.jpg
cardboard,cardboard197.jpg
cardboard,cardboard10.jpg
cardboard,cardboard101.jpg
cardboard,cardboard262.jpg
cardboard,cardboard398.jpg
cardboard,cardboard153.jpg
cardboard,cardboard28.jpg
cardboard,cardboard335.jpg
cardboard,cardboard139.jpg
cardboard,cardboard368.jpg
cardboard,cardboard127.jpg
cardboard,cardboard41.jpg
cardboard,cardboard342.jpg
cardboard,cardboard125.jpg
cardboard,cardboard50.jpg
cardboard,cardboard199.jpg
cardboard,cardboard175.jpg
cardboard,cardboard274.jpg
cardboard,cardboard85.jpg
cardboard,cardboard384.jpg
cardboard,cardboard359.jpg
cardboard,cardboard254.jpg
cardboard,cardboard373.jpg
cardboard,cardboard81.jpg
cardboard,cardboard245.jpg
cardboard,cardboard287.jpg
cardboard,cardboard104.jpg
cardboard,cardboard391.jpg
cardboard,cardboard392.jpg
cardboard,cardboard354.jpg
cardboard,cardboard272.jpg
cardboard,cardboard346.jpg
cardboard,cardboard300.jpg
cardboard,cardboard293.jpg
cardboard,cardboard294.jpg
cardboard,cardboard198.jpg
cardboard,cardboard403.jpg
cardboard,cardboard286.jpg
cardboard,cardboard295.jpg
cardboard,cardboard29.jpg
cardboard,cardboard247.jpg
cardboard,cardboard188.jpg
cardboard,cardboard100.jpg
cardboard,cardboard278.jpg
cardboard,cardboard206.jpg
cardboard,cardboard88.jpg
cardboard,cardboard226.jpg
cardboard,cardboard82.jpg
cardboard,cardboard116.jpg
cardboard,cardboard401.jpg
cardboard,cardboard151.jpg
cardboard,cardboard170.jpg
cardboard,cardboard31.jpg
cardboard,cardboard159.jpg
cardboard,cardboard157.jpg
cardboard,cardboard382.jpg
cardboard,cardboard332.jpg
cardboard,cardboard143.jpg
cardboard,cardboard395.jpg
cardboard,cardboard147.jpg
cardboard,cardboard131.jpg
cardboard,cardboard263.jpg
cardboard,cardboard68.jpg
cardboard,cardboard224.jpg
cardboard,cardboard289.jpg
cardboard,cardboard220.jpg
cardboard,cardboard191.jpg
cardboard,cardboard113.jpg
cardboard,cardboard229.jpg
cardboard,cardboard80.jpg
cardboard,cardboard347.jpg
glass,glass319.jpg
glass,glass345.jpg
glass,glass448.jpg
glass,glass18.jpg
glass,glass159.jpg
glass,glass313.jpg
glass,glass193.jpg
glass,glass284.jpg
glass,glass281.jpg
glass,glass393.jpg
glass,glass129.jpg
glass,glass419.jpg
glass,glass429.jpg
glass,glass295.jpg
glass,glass427.jpg
glass,glass464.jpg
glass,glass112.jpg
glass,glass308.jpg
glass,glass482.jpg
glass,glass196.jpg
glass,glass62.jpg
glass,glass223.jpg
glass,glass165.jpg
glass,glass206.jpg
glass,glass74.jpg
glass,glass412.jpg
glass,glass467.jpg
glass,glass119.jpg
glass,glass213.jpg
glass,glass368.jpg
glass,glass396.jpg
glass,glass28.jpg
glass,glass289.jpg
glass,glass143.jpg
glass,glass10.jpg
glass,glass251.jpg
glass,glass247.jpg
glass,glass187.jpg
glass,glass89.jpg
glass,glass120.jpg
glass,glass27.jpg
glass,glass463.jpg
glass,glass452.jpg
glass,glass342.jpg
glass,glass431.jpg
glass,glass488.jpg
glass,glass151.jpg
glass,glass253.jpg
glass,glass309.jpg
glass,glass328.jpg
glass,glass421.jpg
glass,glass456.jpg
glass,glass228.jpg
glass,glass32.jpg
glass,glass163.jpg
glass,glass344.jpg
glass,glass299.jpg
glass,glass240.jpg
glass,glass49.jpg
glass,glass415.jpg
glass,glass76.jpg
glass,glass167.jpg
glass,glass274.jpg
glass,glass47.jpg
glass,glass36.jpg
glass,glass189.jpg
glass,glass111.jpg
glass,glass34.jpg
glass,glass343.jpg
glass,glass38.jpg
glass,glass78.jpg
glass,glass294.jpg
glass,glass51.jpg
glass,glass256.jpg
glass,glass336.jpg
glass,glass72.jpg
glass,glass333.jpg
glass,glass374.jpg
glass,glass389.jpg
glass,glass92.jpg
glass,glass301.jpg
glass,glass188.jpg
glass,glass136.jpg
glass,glass386.jpg
glass,glass382.jpg
glass,glass493.jpg
glass,glass230.jpg
glass,glass353.jpg
glass,glass260.jpg
glass,glass420.jpg
glass,glass33.jpg
glass,glass154.jpg
glass,glass307.jpg
glass,glass312.jpg
glass,glass316.jpg
glass,glass138.jpg
glass,glass79.jpg
glass,glass398.jpg
glass,glass347.jpg
glass,glass414.jpg
glass,glass276.jpg
glass,glass288.jpg
glass,glass468.jpg
glass,glass87.jpg
glass,glass15.jpg
glass,glass48.jpg
glass,glass132.jpg
glass,glass285.jpg
glass,glass371.jpg
glass,glass54.jpg
glass,glass287.jpg
glass,glass417.jpg
glass,glass203.jpg
glass,glass229.jpg
glass,glass183.jpg
glass,glass439.jpg
glass,glass437.jpg
glass,glass397.jpg
glass,glass480.jpg
glass,glass325.jpg
glass,glass12.jpg
glass,glass150.jpg
glass,glass16.jpg
glass,glass232.jpg
glass,glass271.jpg
glass,glass315.jpg
glass,glass486.jpg
glass,glass314.jpg
glass,glass237.jpg
glass,glass323.jpg
glass,glass422.jpg
glass,glass184.jpg
glass,glass252.jpg
glass,glass337.jpg
glass,glass258.jpg
glass,glass162.jpg
glass,glass402.jpg
glass,glass485.jpg
glass,glass139.jpg
glass,glass304.jpg
glass,glass221.jpg
glass,glass377.jpg
glass,glass208.jpg
glass,glass278.jpg
glass,glass178.jpg
glass,glass370.jpg
glass,glass121.jpg
glass,glass222.jpg
glass,glass55.jpg
glass,glass497.jpg
glass,glass231.jpg
glass,glass50.jpg
glass,glass441.jpg
glass,glass254.jpg
glass,glass19.jpg
glass,glass360.jpg
glass,glass408.jpg
glass,glass142.jpg
glass,glass100.jpg
glass,glass216.jpg
glass,glass334.jpg
glass,glass476.jpg
glass,glass80.jpg
glass,glass410.jpg
glass,glass306.jpg
glass,glass298.jpg
glass,glass362.jpg
glass,glass13.jpg
glass,glass378.jpg
glass,glass436.jpg
glass,glass45.jpg
glass,glass440.jpg
glass,glass280.jpg
glass,glass357.jpg
glass,glass359.jpg
glass,glass272.jpg
glass,glass264.jpg
glass,glass109.jpg
glass,glass387.jpg
glass,glass351.jpg
glass,glass275.jpg
glass,glass300.jpg
glass,glass217.jpg
glass,glass474.jpg
glass,glass409.jpg
glass,glass37.jpg
glass,glass329.jpg
glass,glass361.jpg
glass,glass77.jpg
glass,glass425.jpg
glass,glass22.jpg
glass,glass93.jpg
glass,glass291.jpg
glass,glass390.jpg
glass,glass400.jpg
glass,glass103.jpg
glass,glass145.jpg
glass,glass181.jpg
glass,glass310.jpg
glass,glass110.jpg
glass,glass88.jpg
glass,glass23.jpg
glass,glass239.jpg
glass,glass57.jpg
glass,glass401.jpg
glass,glass321.jpg
glass,glass153.jpg
glass,glass82.jpg
glass,glass348.jpg
glass,glass302.jpg
glass,glass501.jpg
glass,glass197.jpg
glass,glass447.jpg
glass,glass53.jpg
glass,glass75.jpg
glass,glass339.jpg
glass,glass489.jpg
glass,glass179.jpg
glass,glass175.jpg
glass,glass327.jpg
glass,glass152.jpg
glass,glass297.jpg
glass,glass483.jpg
glass,glass161.jpg
glass,glass457.jpg
glass,glass257.jpg
glass,glass318.jpg
glass,glass6.jpg
glass,glass60.jpg
glass,glass403.jpg
glass,glass283.jpg
glass,glass376.jpg
glass,glass303.jpg
glass,glass40.jpg
glass,glass125.jpg
glass,glass174.jpg
glass,glass155.jpg
glass,glass219.jpg
glass,glass30.jpg
glass,glass340.jpg
glass,glass380.jpg
glass,glass322.jpg
glass,glass324.jpg
glass,glass156.jpg
glass,glass64.jpg
glass,glass105.jpg
glass,glass235.jpg
glass,glass234.jpg
glass,glass3.jpg
glass,glass461.jpg
glass,glass349.jpg
glass,glass335.jpg
glass,glass158.jpg
glass,glass282.jpg
glass,glass352.jpg
glass,glass123.jpg
glass,glass180.jpg
glass,glass358.jpg
glass,glass182.jpg
glass,glass365.jpg
glass,glass404.jpg
glass,glass364.jpg
glass,glass406.jpg
glass,glass195.jpg
glass,glass31.jpg
glass,glass164.jpg
glass,glass210.jpg
glass,glass236.jpg
glass,glass460.jpg
glass,glass137.jpg
glass,glass384.jpg
glass,glass52.jpg
glass,glass392.jpg
glass,glass81.jpg
glass,glass124.jpg
glass,glass385.jpg
glass,glass25.jpg
glass,glass499.jpg
glass,glass246.jpg
glass,glass459.jpg
glass,glass433.jpg
glass,glass58.jpg
glass,glass320.jpg
glass,glass61.jpg
glass,glass470.jpg
glass,glass465.jpg
glass,glass160.jpg
glass,glass141.jpg
glass,glass73.jpg
glass,glass115.jpg
glass,glass201.jpg
glass,glass128.jpg
glass,glass20.jpg
glass,glass293.jpg
glass,glass186.jpg
glass,glass428.jpg
glass,glass11.jpg
glass,glass118.jpg
glass,glass446.jpg
glass,glass220.jpg
glass,glass202.jpg
glass,glass475.jpg
glass,glass292.jpg
glass,glass450.jpg
glass,glass438.jpg
glass,glass21.jpg
glass,glass170.jpg
glass,glass17.jpg
glass,glass149.jpg
glass,glass330.jpg
glass,glass200.jpg
glass,glass338.jpg
glass,glass487.jpg
glass,glass130.jpg
glass,glass332.jpg
glass,glass341.jpg
glass,glass491.jpg
glass,glass243.jpg
glass,glass484.jpg
glass,glass273.jpg
glass,glass407.jpg
glass,glass67.jpg
glass,glass263.jpg
glass,glass255.jpg
glass,glass267.jpg
glass,glass9.jpg
glass,glass172.jpg
glass,glass363.jpg
glass,glass225.jpg
glass,glass108.jpg
glass,glass212.jpg
glass,glass418.jpg
glass,glass311.jpg
glass,glass96.jpg
glass,glass261.jpg
glass,glass107.jpg
glass,glass413.jpg
glass,glass242.jpg
glass,glass366.jpg
glass,glass379.jpg
glass,glass14.jpg
glass,glass5.jpg
glass,glass305.jpg
glass,glass326.jpg
glass,glass218.jpg
glass,glass63.jpg
glass,glass114.jpg
glass,glass185.jpg
glass,glass147.jpg
glass,glass479.jpg
glass,glass391.jpg
glass,glass432.jpg
glass,glass369.jpg
glass,glass269.jpg
glass,glass500.jpg
glass,glass495.jpg
glass,glass1.jpg
glass,glass498.jpg
glass,glass66.jpg
glass,glass451.jpg
glass,glass26.jpg
glass,glass59.jpg
glass,glass98.jpg
glass,glass194.jpg
glass,glass7.jpg
glass,glass270.jpg
glass,glass477.jpg
glass,glass424.jpg
glass,glass375.jpg
glass,glass355.jpg
glass,glass44.jpg
glass,glass496.jpg
glass,glass248.jpg
glass,glass395.jpg
glass,glass39.jpg
glass,glass449.jpg
glass,glass350.jpg
glass,glass2.jpg
glass,glass127.jpg
glass,glass71.jpg
glass,glass116.jpg
glass,glass471.jpg
glass,glass249.jpg
glass,glass204.jpg
glass,glass268.jpg
glass,glass134.jpg
glass,glass68.jpg
glass,glass191.jpg
glass,glass99.jpg
glass,glass190.jpg
glass,glass224.jpg
glass,glass279.jpg
glass,glass266.jpg
paper,paper67.jpg
paper,paper179.jpg
paper,paper475.jpg
paper,paper90.jpg
paper,paper283.jpg
paper,paper407.jpg
paper,paper218.jpg
paper,paper93.jpg
paper,paper113.jpg
paper,paper436.jpg
paper,paper331.jpg
paper,paper525.jpg
paper,paper518.jpg
paper,paper531.jpg
paper,paper193.jpg
paper,paper249.jpg
paper,paper63.jpg
paper,paper376.jpg
paper,paper78.jpg
paper,paper195.jpg
paper,paper562.jpg
paper,paper118.jpg
paper,paper351.jpg
paper,paper276.jpg
paper,paper206.jpg
paper,paper250.jpg
paper,paper25.jpg
paper,paper172.jpg
paper,paper188.jpg
paper,paper43.jpg
paper,paper7.jpg
paper,paper201.jpg
paper,paper530.jpg
paper,paper39.jpg
paper,paper315.jpg
paper,paper541.jpg
paper,paper529.jpg
paper,paper426.jpg
paper,paper502.jpg
paper,paper341.jpg
paper,paper310.jpg
paper,paper278.jpg
paper,paper457.jpg
paper,paper577.jpg
paper,paper162.jpg
paper,paper148.jpg
paper,paper322.jpg
paper,paper387.jpg
paper,paper86.jpg
paper,paper347.jpg
paper,paper580.jpg
paper,paper451.jpg
paper,paper59.jpg
paper,paper414.jpg
paper,paper236.jpg
paper,paper364.jpg
paper,paper282.jpg
paper,paper474.jpg
paper,paper120.jpg
paper,paper163.jpg
paper,paper266.jpg
paper,paper137.jpg
paper,paper275.jpg
paper,paper395.jpg
paper,paper373.jpg
paper,paper280.jpg
paper,paper277.jpg
paper,paper467.jpg
paper,paper64.jpg
paper,paper133.jpg
paper,paper124.jpg
paper,paper343.jpg
paper,paper375.jpg
paper,paper386.jpg
paper,paper471.jpg
paper,paper535.jpg
paper,paper13.jpg
paper,paper523.jpg
paper,paper372.jpg
paper,paper89.jpg
paper,paper9.jpg
paper,paper411.jpg
paper,paper428.jpg
paper,paper156.jpg
paper,paper284.jpg
paper,paper556.jpg
paper,paper248.jpg
paper,paper157.jpg
paper,paper47.jpg
paper,paper420.jpg
paper,paper528.jpg
paper,paper18.jpg
paper,paper125.jpg
paper,paper99.jpg
paper,paper493.jpg
paper,paper140.jpg
paper,paper469.jpg
paper,paper58.jpg
paper,paper413.jpg
paper,paper174.jpg
paper,paper427.jpg
paper,paper368.jpg
paper,paper334.jpg
paper,paper363.jpg
paper,paper96.jpg
paper,paper170.jpg
paper,paper319.jpg
paper,paper229.jpg
paper,paper548.jpg
paper,paper279.jpg
paper,paper34.jpg
paper,paper235.jpg
paper,paper581.jpg
paper,paper288.jpg
paper,paper189.jpg
paper,paper187.jpg
paper,paper584.jpg
paper,paper374.jpg
paper,paper209.jpg
paper,paper383.jpg
paper,paper328.jpg
paper,paper490.jpg
paper,paper289.jpg
paper,paper254.jpg
paper,paper455.jpg
paper,paper294.jpg
paper,paper532.jpg
paper,paper332.jpg
paper,paper466.jpg
paper,paper463.jpg
paper,paper260.jpg
paper,paper458.jpg
paper,paper166.jpg
paper,paper317.jpg
paper,paper175.jpg
paper,paper270.jpg
paper,paper516.jpg
paper,paper211.jpg
paper,paper5.jpg
paper,paper342.jpg
paper,paper438.jpg
paper,paper567.jpg
paper,paper101.jpg
paper,paper230.jpg
paper,paper344.jpg
paper,paper449.jpg
paper,paper161.jpg
paper,paper263.jpg
paper,paper312.jpg
paper,paper226.jpg
paper,paper31.jpg
paper,paper555.jpg
paper,paper583.jpg
paper,paper176.jpg
paper,paper546.jpg
paper,paper540.jpg
paper,paper292.jpg
paper,paper115.jpg
paper,paper335.jpg
paper,paper361.jpg
paper,paper139.jpg
paper,paper160.jpg
paper,paper14.jpg
paper,paper109.jpg
paper,paper573.jpg
paper,paper412.jpg
paper,paper222.jpg
paper,paper262.jpg
paper,paper422.jpg
paper,paper542.jpg
paper,paper286.jpg
paper,paper511.jpg
paper,paper149.jpg
paper,paper185.jpg
paper,paper390.jpg
paper,paper167.jpg
paper,paper571.jpg
paper,paper594.jpg
paper,paper459.jpg
paper,paper267.jpg
paper,paper30.jpg
paper,paper350.jpg
paper,paper24.jpg
paper,paper264.jpg
paper,paper95.jpg
paper,paper418.jpg
paper,paper515.jpg
paper,paper234.jpg
paper,paper410.jpg
paper,paper434.jpg
paper,paper37.jpg
paper,paper439.jpg
paper,paper15.jpg
paper,paper324.jpg
paper,paper182.jpg
paper,paper82.jpg
paper,paper202.jpg
paper,paper94.jpg
paper,paper578.jpg
paper,paper208.jpg
paper,paper337.jpg
paper,paper134.jpg
paper,paper26.jpg
paper,paper510.jpg
paper,paper224.jpg
paper,paper33.jpg
paper,paper221.jpg
paper,paper461.jpg
paper,paper470.jpg
paper,paper268.jpg
paper,paper421.jpg
paper,paper6.jpg
paper,paper231.jpg
paper,paper349.jpg
paper,paper333.jpg
paper,paper495.jpg
paper,paper398.jpg
paper,paper385.jpg
paper,paper367.jpg
paper,paper23.jpg
paper,paper415.jpg
paper,paper228.jpg
paper,paper539.jpg
paper,paper585.jpg
paper,paper547.jpg
paper,paper497.jpg
paper,paper48.jpg
paper,paper303.jpg
paper,paper352.jpg
paper,paper354.jpg
paper,paper285.jpg
paper,paper238.jpg
paper,paper207.jpg
paper,paper504.jpg
paper,paper396.jpg
paper,paper499.jpg
paper,paper240.jpg
paper,paper487.jpg
paper,paper401.jpg
paper,paper492.jpg
paper,paper74.jpg
paper,paper381.jpg
paper,paper159.jpg
paper,paper71.jpg
paper,paper358.jpg
paper,paper56.jpg
paper,paper60.jpg
paper,paper213.jpg
paper,paper348.jpg
paper,paper320.jpg
paper,paper3.jpg
paper,paper340.jpg
paper,paper477.jpg
paper,paper138.jpg
paper,paper554.jpg
paper,paper572.jpg
paper,paper183.jpg
paper,paper54.jpg
paper,paper46.jpg
paper,paper404.jpg
paper,paper300.jpg
paper,paper152.jpg
paper,paper391.jpg
paper,paper506.jpg
paper,paper106.jpg
paper,paper55.jpg
paper,paper478.jpg
paper,paper592.jpg
paper,paper116.jpg
paper,paper215.jpg
paper,paper441.jpg
paper,paper83.jpg
paper,paper169.jpg
paper,paper17.jpg
paper,paper591.jpg
paper,paper465.jpg
paper,paper382.jpg
paper,paper256.jpg
paper,paper271.jpg
paper,paper473.jpg
paper,paper450.jpg
paper,paper433.jpg
paper,paper98.jpg
paper,paper323.jpg
paper,paper255.jpg
paper,paper257.jpg
paper,paper35.jpg
paper,paper241.jpg
paper,paper150.jpg
paper,paper184.jpg
paper,paper512.jpg
paper,paper44.jpg
paper,paper245.jpg
paper,paper239.jpg
paper,paper131.jpg
paper,paper388.jpg
paper,paper508.jpg
paper,paper586.jpg
paper,paper298.jpg
paper,paper432.jpg
paper,paper192.jpg
paper,paper70.jpg
paper,paper462.jpg
paper,paper309.jpg
paper,paper498.jpg
paper,paper483.jpg
paper,paper369.jpg
paper,paper244.jpg
paper,paper564.jpg
paper,paper45.jpg
paper,paper330.jpg
paper,paper553.jpg
paper,paper416.jpg
paper,paper165.jpg
paper,paper311.jpg
paper,paper527.jpg
paper,paper233.jpg
paper,paper173.jpg
paper,paper154.jpg
paper,paper448.jpg
paper,paper316.jpg
paper,paper371.jpg
paper,paper214.jpg
paper,paper76.jpg
paper,paper49.jpg
paper,paper108.jpg
paper,paper219.jpg
paper,paper177.jpg
paper,paper19.jpg
paper,paper117.jpg
paper,paper73.jpg
paper,paper143.jpg
paper,paper454.jpg
paper,paper85.jpg
paper,paper136.jpg
paper,paper443.jpg
paper,paper29.jpg
paper,paper190.jpg
paper,paper389.jpg
paper,paper464.jpg
paper,paper203.jpg
paper,paper265.jpg
paper,paper84.jpg
paper,paper533.jpg
paper,paper397.jpg
paper,paper103.jpg
paper,paper517.jpg
paper,paper51.jpg
paper,paper297.jpg
paper,paper590.jpg
paper,paper500.jpg
paper,paper338.jpg
paper,paper132.jpg
paper,paper400.jpg
paper,paper72.jpg
paper,paper158.jpg
paper,paper579.jpg
paper,paper424.jpg
paper,paper399.jpg
paper,paper121.jpg
paper,paper544.jpg
paper,paper522.jpg
paper,paper519.jpg
paper,paper480.jpg
paper,paper417.jpg
paper,paper61.jpg
paper,paper575.jpg
paper,paper513.jpg
paper,paper501.jpg
paper,paper87.jpg
paper,paper460.jpg
paper,paper220.jpg
paper,paper479.jpg
paper,paper425.jpg
paper,paper468.jpg
paper,paper232.jpg
paper,paper588.jpg
paper,paper12.jpg
paper,paper409.jpg
paper,paper558.jpg
paper,paper242.jpg
paper,paper435.jpg
paper,paper503.jpg
paper,paper336.jpg
paper,paper569.jpg
paper,paper568.jpg
paper,paper69.jpg
paper,paper318.jpg
paper,paper10.jpg
paper,paper57.jpg
paper,paper549.jpg
paper,paper534.jpg
paper,paper22.jpg
paper,paper80.jpg
paper,paper306.jpg
paper,paper346.jpg
paper,paper301.jpg
paper,paper593.jpg
paper,paper307.jpg
paper,paper42.jpg
paper,paper227.jpg
paper,paper505.jpg
paper,paper269.jpg
paper,paper273.jpg
paper,paper437.jpg
paper,paper482.jpg
paper,paper212.jpg
paper,paper261.jpg
paper,paper377.jpg
paper,paper521.jpg
paper,paper442.jpg
paper,paper65.jpg
paper,paper205.jpg
paper,paper484.jpg
paper,paper472.jpg
paper,paper314.jpg
paper,paper494.jpg
paper,paper50.jpg
paper,paper491.jpg
paper,paper366.jpg
paper,paper272.jpg
paper,paper274.jpg
paper,paper28.jpg
paper,paper258.jpg
paper,paper446.jpg
paper,paper453.jpg
paper,paper123.jpg
paper,paper305.jpg
paper,paper402.jpg
paper,paper128.jpg
paper,paper447.jpg
paper,paper75.jpg
paper,paper1.jpg
paper,paper62.jpg
paper,paper444.jpg
paper,paper550.jpg
paper,paper384.jpg
paper,paper204.jpg
paper,paper485.jpg
paper,paper210.jpg
paper,paper378.jpg
paper,paper406.jpg
paper,paper566.jpg
paper,paper251.jpg
paper,paper105.jpg
paper,paper111.jpg
paper,paper129.jpg
paper,paper429.jpg
paper,paper488.jpg
paper,paper296.jpg
paper,paper107.jpg
paper,paper247.jpg
paper,paper295.jpg
paper,paper196.jpg
paper,paper91.jpg
paper,paper325.jpg
paper,paper356.jpg
paper,paper127.jpg
paper,paper552.jpg
paper,paper186.jpg
paper,paper36.jpg
paper,paper308.jpg
paper,paper524.jpg
paper,paper393.jpg
paper,paper119.jpg
paper,paper237.jpg
paper,paper526.jpg
paper,paper545.jpg
paper,paper481.jpg
paper,paper79.jpg
paper,paper225.jpg
paper,paper408.jpg
paper,paper551.jpg
paper,paper199.jpg
paper,paper403.jpg
paper,paper339.jpg
trash,trash101.jpg
trash,trash72.jpg
trash,trash137.jpg
trash,trash74.jpg
trash,trash134.jpg
trash,trash32.jpg
trash,trash37.jpg
trash,trash116.jpg
trash,trash115.jpg
trash,trash83.jpg
trash,trash82.jpg
trash,trash15.jpg
trash,trash3.jpg
trash,trash52.jpg
trash,trash105.jpg
trash,trash123.jpg
trash,trash50.jpg
trash,trash111.jpg
trash,trash23.jpg
trash,trash46.jpg
trash,trash8.jpg
trash,trash96.jpg
trash,trash84.jpg
trash,trash51.jpg
trash,trash49.jpg
trash,trash12.jpg
trash,trash61.jpg
trash,trash64.jpg
trash,trash24.jpg
trash,trash54.jpg
trash,trash99.jpg
trash,trash121.jpg
trash,trash59.jpg
trash,trash130.jpg
trash,trash135.jpg
trash,trash36.jpg
trash,trash113.jpg
trash,trash5.jpg
trash,trash31.jpg
trash,trash44.jpg
trash,trash53.jpg
trash,trash126.jpg
trash,trash112.jpg
trash,trash117.jpg
trash,trash104.jpg
trash,trash68.jpg
trash,trash42.jpg
trash,trash119.jpg
trash,trash125.jpg
trash,trash9.jpg
trash,trash69.jpg
trash,trash21.jpg
trash,trash18.jpg
trash,trash55.jpg
trash,trash43.jpg
trash,trash80.jpg
trash,trash17.jpg
trash,trash73.jpg
trash,trash28.jpg
trash,trash25.jpg
trash,trash13.jpg
trash,trash38.jpg
trash,trash86.jpg
trash,trash81.jpg
trash,trash108.jpg
trash,trash87.jpg
trash,trash75.jpg
trash,trash48.jpg
trash,trash124.jpg
trash,trash67.jpg
trash,trash97.jpg
trash,trash132.jpg
trash,trash78.jpg
trash,trash95.jpg
trash,trash107.jpg
trash,trash62.jpg
trash,trash102.jpg
trash,trash29.jpg
trash,trash136.jpg
trash,trash1.jpg
trash,trash100.jpg
trash,trash70.jpg
trash,trash6.jpg
trash,trash26.jpg
trash,trash45.jpg
trash,trash93.jpg
trash,trash39.jpg
trash,trash98.jpg
trash,trash65.jpg
trash,trash92.jpg
trash,trash2.jpg
trash,trash57.jpg
trash,trash114.jpg
trash,trash10.jpg
trash,trash14.jpg
trash,trash11.jpg
trash,trash27.jpg
trash,trash58.jpg
trash,trash41.jpg
trash,trash40.jpg
trash,trash94.jpg
trash,trash30.jpg
trash,trash127.jpg
trash,trash88.jpg
trash,trash89.jpg
trash,trash128.jpg
trash,trash109.jpg
trash,trash120.jpg
trash,trash20.jpg
trash,trash131.jpg
trash,trash19.jpg
